{
  "id": "",
  "name": "",
  "font_family": "iconfont",
  "css_prefix_text": "icon-",
  "description": "",
  "glyphs": [
    {
      "icon_id": "446560",
      "name": "99元包邮",
      "font_class": "99yuanbaoyou",
      "unicode": "e606",
      "unicode_decimal": 58886
    },
    {
      "icon_id": "523990",
      "name": "7天无理由退换货-线性",
      "font_class": "7tianwuliyoutuihuanhuoxianxing",
      "unicode": "e62f",
      "unicode_decimal": 58927
    },
    {
      "icon_id": "12525662",
      "name": "cart",
      "font_class": "cart",
      "unicode": "e602",
      "unicode_decimal": 58882
    },
    {
      "icon_id": "15304879",
      "name": "品质保障",
      "font_class": "pinzhibaozhang",
      "unicode": "e639",
      "unicode_decimal": 58937
    }
  ]
}
